customer_name,email,mobile,account_name
Aarko Granito LLP,nikhilchandak210@gmail.com,8387079292,Aarko Granito LLP
ACECON VITRIFIED PVT. LTD.,nikhilchandak210@gmail.com,8387079292,ACECON VITRIFIED PVT. LTD.
Adicon Ceramica Tiles Pvt Ltd,nikhilchandak210@gmail.com,8387079292,Adicon Ceramica Tiles Pvt Ltd
Admin Vitrified Pvt Ltd,nikhilchandak210@gmail.com,8387079292,Admin Vitrified Pvt Ltd
Adoration Ceramica Pvt.Ltd.,nikhilchandak210@gmail.com,8387079292,Adoration Ceramica Pvt.Ltd.
Agillis Vitrified Pvt Ltd,nikhilchandak210@gmail.com,8387079292,Agillis Vitrified Pvt Ltd
ALFANSO VITRIFED PVT. LTD.,nikhilchandak210@gmail.com,8387079292,ALFANSO VITRIFED PVT. LTD.
ARK STONE LLP,nikhilchandak210@gmail.com,8387079292,ARK STONE LLP
ASCENT CERAMICA PVT.LTD.,nikhilchandak210@gmail.com,8387079292,ASCENT CERAMICA PVT.LTD.
BATHERO INTERNATIONAL LLP,nikhilchandak210@gmail.com,8387079292,BATHERO INTERNATIONAL LLP
BATHERO SANITARY LLP,nikhilchandak210@gmail.com,8387079292,BATHERO SANITARY LLP
BLUEZONE VITRIFIED PVT. LTD.,nikhilchandak210@gmail.com,8387079292,BLUEZONE VITRIFIED PVT. LTD.
BRILLANT BATHWARE LLP,nikhilchandak210@gmail.com,8387079292,BRILLANT BATHWARE LLP
BRILLIANT SANITARY PVT. LTD.,nikhilchandak210@gmail.com,8387079292,BRILLIANT SANITARY PVT. LTD.
CAPRON VITRIFIED PVT. LTD.,nikhilchandak210@gmail.com,8387079292,CAPRON VITRIFIED PVT. LTD.
COMMANDER VITRIFIED PVT.LTD.,nikhilchandak210@gmail.com,8387079292,COMMANDER VITRIFIED PVT.LTD.
CORUS VITRIFIED PVT LTD,nikhilchandak210@gmail.com,8387079292,CORUS VITRIFIED PVT LTD
COVERSTONE CERAMIC LLP,nikhilchandak210@gmail.com,8387079292,COVERSTONE CERAMIC LLP
COZY SANITARYWARE LLP,nikhilchandak210@gmail.com,8387079292,COZY SANITARYWARE LLP
CYAN GRANITO LLP,nikhilchandak210@gmail.com,8387079292,CYAN GRANITO LLP
CYGEN CERAMIC LLP,nikhilchandak210@gmail.com,8387079292,CYGEN CERAMIC LLP
DELEGON CERAMIC LLP,nikhilchandak210@gmail.com,8387079292,DELEGON CERAMIC LLP
EMCER TILES PRIVATE LIMITED,nikhilchandak210@gmail.com,8387079292,EMCER TILES PRIVATE LIMITED
ERACON VITRIFIED PVT.LTD.,nikhilchandak210@gmail.com,8387079292,ERACON VITRIFIED PVT.LTD.
FEONA CERAMICS PVT. LTD.,nikhilchandak210@gmail.com,8387079292,FEONA CERAMICS PVT. LTD.
FLAVOUR GRANITO LLP,nikhilchandak210@gmail.com,8387079292,FLAVOUR GRANITO LLP
GRAFITE CERAMICS PRIVATE LIMITED,nikhilchandak210@gmail.com,8387079292,GRAFITE CERAMICS PRIVATE LIMITED
GRANOLAND TILES LLP,nikhilchandak210@gmail.com,8387079292,GRANOLAND TILES LLP
GREENZONE GRANITO PVT LTD,nikhilchandak210@gmail.com,8387079292,GREENZONE GRANITO PVT LTD
HEM ENTERPRISES,nikhilchandak210@gmail.com,8387079292,HEM ENTERPRISES
IBIS SMART MARBLE PRIVATE LIMITED,nikhilchandak210@gmail.com,8387079292,IBIS SMART MARBLE PRIVATE LIMITED
ICERA TILES LLP,nikhilchandak210@gmail.com,8387079292,ICERA TILES LLP
ICON GRANITO PVT. LTD.,nikhilchandak210@gmail.com,8387079292,ICON GRANITO PVT. LTD.
INTILE CERAMIKA,nikhilchandak210@gmail.com,8387079292,INTILE CERAMIKA
ITALICA GRANITO PVT LTD,nikhilchandak210@gmail.com,8387079292,ITALICA GRANITO PVT LTD
Jai Ganesh Vitrified Pvt. Ltd.,nikhilchandak210@gmail.com,8387079292,Jai Ganesh Vitrified Pvt. Ltd.
Lakme Vitrified Llp,nikhilchandak210@gmail.com,8387079292,Lakme Vitrified Llp
Landgrace Ceramic Pvt Ltd.,nikhilchandak210@gmail.com,8387079292,Landgrace Ceramic Pvt Ltd.
LAVISH GRANITO PVT LTD,nikhilchandak210@gmail.com,8387079292,LAVISH GRANITO PVT LTD
LAVIT TILE LLP,nikhilchandak210@gmail.com,8387079292,LAVIT TILE LLP
LAXVEER CERAMICS LLP,nikhilchandak210@gmail.com,8387079292,LAXVEER CERAMICS LLP
Legend Ceramics Pvt. Ltd.,nikhilchandak210@gmail.com,8387079292,Legend Ceramics Pvt. Ltd.
LEMEL PORCELANO LLP,nikhilchandak210@gmail.com,8387079292,LEMEL PORCELANO LLP
LETOZA GRANITO LLP,nikhilchandak210@gmail.com,8387079292,LETOZA GRANITO LLP
Logan Ceramics,nikhilchandak210@gmail.com,8387079292,Logan Ceramics
Lorence Vitrified LLP,nikhilchandak210@gmail.com,8387079292,Lorence Vitrified LLP
L-TILE GRANITO LLP,nikhilchandak210@gmail.com,8387079292,L-TILE GRANITO LLP
LUXGRES CERAMICA LLP,nikhilchandak210@gmail.com,8387079292,LUXGRES CERAMICA LLP
MAX GRANITO PVT LTD,nikhilchandak210@gmail.com,8387079292,MAX GRANITO PVT LTD
M-BO GRANITO LLP,nikhilchandak210@gmail.com,8387079292,M-BO GRANITO LLP
MEGACITY VITRIFIED LLP,nikhilchandak210@gmail.com,8387079292,MEGACITY VITRIFIED LLP
META BATHWARE LLP,nikhilchandak210@gmail.com,8387079292,META BATHWARE LLP
METROCITY TILES PVT. LTD.,nikhilchandak210@gmail.com,8387079292,METROCITY TILES PVT. LTD.
METROPOLE TILES PRIVATE LIMITED,nikhilchandak210@gmail.com,8387079292,METROPOLE TILES PRIVATE LIMITED
MILLENNIUM TILES LLP,nikhilchandak210@gmail.com,8387079292,MILLENNIUM TILES LLP
MONOLITH SURFACES LLP,nikhilchandak210@gmail.com,8387079292,MONOLITH SURFACES LLP
MOZILA GRANITO LLP,nikhilchandak210@gmail.com,8387079292,MOZILA GRANITO LLP
NESSA VITRIFIED LLP,nikhilchandak210@gmail.com,8387079292,NESSA VITRIFIED LLP
NILCORE BATH LLP,nikhilchandak210@gmail.com,8387079292,NILCORE BATH LLP
OASIS TILES LLP,nikhilchandak210@gmail.com,8387079292,OASIS TILES LLP
Oasis Vitrified Pvt Ltd,nikhilchandak210@gmail.com,8387079292,Oasis Vitrified Pvt Ltd
ORIENT BELL LIMITED (SKD PLANT),nikhilchandak210@gmail.com,8387079292,ORIENT BELL LIMITED (SKD PLANT)
Osho Sanitarywares Pvt Ltd,nikhilchandak210@gmail.com,8387079292,Osho Sanitarywares Pvt Ltd
PANKH7 CERA LLP,nikhilchandak210@gmail.com,8387079292,PANKH7 CERA LLP
PENGVIN CERAMICS,nikhilchandak210@gmail.com,8387079292,PENGVIN CERAMICS
PRIYA CERAMICS,nikhilchandak210@gmail.com,8387079292,PRIYA CERAMICS
RAMEST CERAMIC LLP,nikhilchandak210@gmail.com,8387079292,RAMEST CERAMIC LLP
RAMEST GRANITO LLP,nikhilchandak210@gmail.com,8387079292,RAMEST GRANITO LLP
RAMOJI GRANITE PVT.LTD.,nikhilchandak210@gmail.com,8387079292,RAMOJI GRANITE PVT.LTD.
"Real Ceramics Pvt.Ltd.,",nikhilchandak210@gmail.com,8387079292,"Real Ceramics Pvt.Ltd.,"
REAL GRANITO PVT LTD,nikhilchandak210@gmail.com,8387079292,REAL GRANITO PVT LTD
REXSONA TILES PVT. LTD.,nikhilchandak210@gmail.com,8387079292,REXSONA TILES PVT. LTD.
ROCK GRANITO LLP,nikhilchandak210@gmail.com,8387079292,ROCK GRANITO LLP
Rollza Granito LLP,nikhilchandak210@gmail.com,8387079292,Rollza Granito LLP
ROLLZET GRANITO LLP,nikhilchandak210@gmail.com,8387079292,ROLLZET GRANITO LLP
SARJU VITRIFIED PVT. LTD.,nikhilchandak210@gmail.com,8387079292,SARJU VITRIFIED PVT. LTD.
Sega Granito LLP,nikhilchandak210@gmail.com,8387079292,Sega Granito LLP
SENTOSA GRANITO PVT LTD,nikhilchandak210@gmail.com,8387079292,SENTOSA GRANITO PVT LTD
SIGNET CERAMICS,nikhilchandak210@gmail.com,8387079292,SIGNET CERAMICS
Silk Touch Vitrified Pvt.Ltd.,nikhilchandak210@gmail.com,8387079292,Silk Touch Vitrified Pvt.Ltd.
SILVERSUN SANITARYWARE LLP,nikhilchandak210@gmail.com,8387079292,SILVERSUN SANITARYWARE LLP
Simolex Ceramic Pvt Ltd,nikhilchandak210@gmail.com,8387079292,Simolex Ceramic Pvt Ltd
SIMONZA TILES LLP,nikhilchandak210@gmail.com,8387079292,SIMONZA TILES LLP
Skymate Sanitaryware,nikhilchandak210@gmail.com,8387079292,Skymate Sanitaryware
SKYMAX CERMIC,nikhilchandak210@gmail.com,8387079292,SKYMAX CERMIC
SNEHA MINERLAS,nikhilchandak210@gmail.com,8387079292,SNEHA MINERLAS
SOLITAIRE SANITARYWARE PVT LTD,nikhilchandak210@gmail.com,8387079292,SOLITAIRE SANITARYWARE PVT LTD
SOLIZO VITRIFIED PVT. LTD.,nikhilchandak210@gmail.com,8387079292,SOLIZO VITRIFIED PVT. LTD.
SONA FIELD CERAMIC,nikhilchandak210@gmail.com,8387079292,SONA FIELD CERAMIC
SONAM CERAMICS,nikhilchandak210@gmail.com,8387079292,SONAM CERAMICS
SONEX VITRIFIED LLP,nikhilchandak210@gmail.com,8387079292,SONEX VITRIFIED LLP
Sonic Ceramic Private Limited,nikhilchandak210@gmail.com,8387079292,Sonic Ceramic Private Limited
Soranto Granito Pvt.Ltd.,nikhilchandak210@gmail.com,8387079292,Soranto Granito Pvt.Ltd.
Soriso Ceramics Pvt Ltd,nikhilchandak210@gmail.com,8387079292,Soriso Ceramics Pvt Ltd
SOUTH ASIAN CERAMIC,nikhilchandak210@gmail.com,8387079292,SOUTH ASIAN CERAMIC
SOYO CERAMIC PVT.LTD.,nikhilchandak210@gmail.com,8387079292,SOYO CERAMIC PVT.LTD.
SPANIA CERAMICA LLP,nikhilchandak210@gmail.com,8387079292,SPANIA CERAMICA LLP
SPARRON VITRIFIED LLP,nikhilchandak210@gmail.com,8387079292,SPARRON VITRIFIED LLP
SPARTEN GRANITO PVT LTD,nikhilchandak210@gmail.com,8387079292,SPARTEN GRANITO PVT LTD
SPECON TILES LLP,nikhilchandak210@gmail.com,8387079292,SPECON TILES LLP
SPECTRUM JOHNSON TILES PVT.LTD. UNIT - I,nikhilchandak210@gmail.com,8387079292,SPECTRUM JOHNSON TILES PVT.LTD. UNIT - I
Spentagon Ceramics Pvt Ltd.,nikhilchandak210@gmail.com,8387079292,Spentagon Ceramics Pvt Ltd.
SPERA VITRIFIED LLP,nikhilchandak210@gmail.com,8387079292,SPERA VITRIFIED LLP
SPOLO CERAMIC PVT LTD,nikhilchandak210@gmail.com,8387079292,SPOLO CERAMIC PVT LTD
SQUARE MINERALS,nikhilchandak210@gmail.com,8387079292,SQUARE MINERALS
Stefina Vitrified Pvt Ltd,nikhilchandak210@gmail.com,8387079292,Stefina Vitrified Pvt Ltd
STENFORD CERAMICS,nikhilchandak210@gmail.com,8387079292,STENFORD CERAMICS
STONE GRANITO LLP,nikhilchandak210@gmail.com,8387079292,STONE GRANITO LLP
SUMAN CERAMICS,nikhilchandak210@gmail.com,8387079292,SUMAN CERAMICS
Suncity Ceramics,nikhilchandak210@gmail.com,8387079292,Suncity Ceramics
Suncore Tiles Pvt.Ltd.,nikhilchandak210@gmail.com,8387079292,Suncore Tiles Pvt.Ltd.
Sunflora Vitrified Pvt. Ltd,nikhilchandak210@gmail.com,8387079292,Sunflora Vitrified Pvt. Ltd
SUNGLARE VITRIFIED PVT LTD,nikhilchandak210@gmail.com,8387079292,SUNGLARE VITRIFIED PVT LTD
SUNHEARRT CERAMIX PRIVATE LIMITE UNIT B2,nikhilchandak210@gmail.com,8387079292,SUNHEARRT CERAMIX PRIVATE LIMITE UNIT B2
"Sunora Tiles Pvt. Ltd., Morbi",nikhilchandak210@gmail.com,8387079292,"Sunora Tiles Pvt. Ltd., Morbi"
Sunpark Granito Pvt Ltd,nikhilchandak210@gmail.com,8387079292,Sunpark Granito Pvt Ltd
SUNPARK GRANITO PVT. LTD.,nikhilchandak210@gmail.com,8387079292,SUNPARK GRANITO PVT. LTD.
SUNRAY TILES PVT.LTD.,nikhilchandak210@gmail.com,8387079292,SUNRAY TILES PVT.LTD.
Sunshine Ceratiles CO. PVT. LTD.,nikhilchandak210@gmail.com,8387079292,Sunshine Ceratiles CO. PVT. LTD.
SUNSHINE TILES CO PVT. LTD.,nikhilchandak210@gmail.com,8387079292,SUNSHINE TILES CO PVT. LTD.
SUNSHINE TILES CO. P. LTD. UNIT B2,nikhilchandak210@gmail.com,8387079292,SUNSHINE TILES CO. P. LTD. UNIT B2
SUNSHINE VITRIOUS TILES PVT.LTD.,nikhilchandak210@gmail.com,8387079292,SUNSHINE VITRIOUS TILES PVT.LTD.
Sunworld Vitrtified Pvt Ltd,nikhilchandak210@gmail.com,8387079292,Sunworld Vitrtified Pvt Ltd
Surani Vetrified Pvt. Ltd.,nikhilchandak210@gmail.com,8387079292,Surani Vetrified Pvt. Ltd.
SUZORA TILES LLP,nikhilchandak210@gmail.com,8387079292,SUZORA TILES LLP
SWARAJ MINERALS,nikhilchandak210@gmail.com,8387079292,SWARAJ MINERALS
Swede Ceramic LLP,nikhilchandak210@gmail.com,8387079292,Swede Ceramic LLP
Swede Sanitarywares,nikhilchandak210@gmail.com,8387079292,Swede Sanitarywares
SWELL GRANITO LLP,nikhilchandak210@gmail.com,8387079292,SWELL GRANITO LLP
Symbosa Granito Pvt Ltd,nikhilchandak210@gmail.com,8387079292,Symbosa Granito Pvt Ltd
SYMPHONY CERAMICS PVT. LTD.,nikhilchandak210@gmail.com,8387079292,SYMPHONY CERAMICS PVT. LTD.
TESSA SANITARY WARES,nikhilchandak210@gmail.com,8387079292,TESSA SANITARY WARES
Tita Sanitary Wares Pvt Ltd,nikhilchandak210@gmail.com,8387079292,Tita Sanitary Wares Pvt Ltd
TITANIUM VITRIFIED PVT LTD,nikhilchandak210@gmail.com,8387079292,TITANIUM VITRIFIED PVT LTD
Tocco Ceramics Pvt.Ltd.,nikhilchandak210@gmail.com,8387079292,Tocco Ceramics Pvt.Ltd.
U-CON CERAMICA LLP,nikhilchandak210@gmail.com,8387079292,U-CON CERAMICA LLP
UDAY GRANITO LLP,nikhilchandak210@gmail.com,8387079292,UDAY GRANITO LLP
ULTRA CERAMIC,nikhilchandak210@gmail.com,8387079292,ULTRA CERAMIC
"Umiya Ceramics Pvt.Ltd.,Dhuva",nikhilchandak210@gmail.com,8387079292,"Umiya Ceramics Pvt.Ltd.,Dhuva"
UNCLE CERAMICS PVT. LTD.,nikhilchandak210@gmail.com,8387079292,UNCLE CERAMICS PVT. LTD.
VALENZA GRANITO LLP,nikhilchandak210@gmail.com,8387079292,VALENZA GRANITO LLP
VARDAY PORCELAIN LIMITED,nikhilchandak210@gmail.com,8387079292,VARDAY PORCELAIN LIMITED
VARDAY PORCELAIN LLP,nikhilchandak210@gmail.com,8387079292,VARDAY PORCELAIN LLP
"Vardhman Vetrified Pvt.Ltd.,",nikhilchandak210@gmail.com,8387079292,"Vardhman Vetrified Pvt.Ltd.,"
VARMORA GRANITO PVT. LTD.,nikhilchandak210@gmail.com,8387079292,VARMORA GRANITO PVT. LTD.
VARMORA GRANITO PVT.LTD. UNIT-3,nikhilchandak210@gmail.com,8387079292,VARMORA GRANITO PVT.LTD. UNIT-3
VARMORA SANITWARYWARES,nikhilchandak210@gmail.com,8387079292,VARMORA SANITWARYWARES
VEGA INTERNATIONAL,nikhilchandak210@gmail.com,8387079292,VEGA INTERNATIONAL
Velbon Vitrified LLP,nikhilchandak210@gmail.com,8387079292,Velbon Vitrified LLP
VELLOZA GRANITO LLP,nikhilchandak210@gmail.com,8387079292,VELLOZA GRANITO LLP
VELSAA VITRIFIED LLP,nikhilchandak210@gmail.com,8387079292,VELSAA VITRIFIED LLP
VELZONE GRANITO LLP,nikhilchandak210@gmail.com,8387079292,VELZONE GRANITO LLP
Veritaas Granito LLP,nikhilchandak210@gmail.com,8387079292,Veritaas Granito LLP
Verona Granito Pvt. Ltd.,nikhilchandak210@gmail.com,8387079292,Verona Granito Pvt. Ltd.
Vetican Grantio Llp,nikhilchandak210@gmail.com,8387079292,Vetican Grantio Llp
VICCON CERAMICS PVT. LTD.,nikhilchandak210@gmail.com,8387079292,VICCON CERAMICS PVT. LTD.
VINTAGE TILES PVT. LTD.,nikhilchandak210@gmail.com,8387079292,VINTAGE TILES PVT. LTD.
VISHVA SANITARYWARE,nikhilchandak210@gmail.com,8387079292,VISHVA SANITARYWARE
Vision Ceramic Pvt Ltd,nikhilchandak210@gmail.com,8387079292,Vision Ceramic Pvt Ltd
VITA GRANITO PVT. LTD.,nikhilchandak210@gmail.com,8387079292,VITA GRANITO PVT. LTD.
VIVIANA VITRIFIED PVT.LTD.,nikhilchandak210@gmail.com,8387079292,VIVIANA VITRIFIED PVT.LTD.
Vrindavan Ceramics Pvt Ltd,nikhilchandak210@gmail.com,8387079292,Vrindavan Ceramics Pvt Ltd
WATERO SANITARY LLP,nikhilchandak210@gmail.com,8387079292,WATERO SANITARY LLP
Welcome Minerals Pvt Ltd,nikhilchandak210@gmail.com,8387079292,Welcome Minerals Pvt Ltd
WHITE GOLD CERACLAY PVT. LTD.,nikhilchandak210@gmail.com,8387079292,WHITE GOLD CERACLAY PVT. LTD.
White House Tiles Pvt Ltd,nikhilchandak210@gmail.com,8387079292,White House Tiles Pvt Ltd
Wideangle Sanitarywares,nikhilchandak210@gmail.com,8387079292,Wideangle Sanitarywares
WINTEL CERAMICS PVT.LTD.,nikhilchandak210@gmail.com,8387079292,WINTEL CERAMICS PVT.LTD.
WOOGA CERAMIC PVT LTD,nikhilchandak210@gmail.com,8387079292,WOOGA CERAMIC PVT LTD
ZANDROS GRANITO LLP,nikhilchandak210@gmail.com,8387079292,ZANDROS GRANITO LLP
ZARKO GRANITO LLP,nikhilchandak210@gmail.com,8387079292,ZARKO GRANITO LLP
ZEALTOP GRANITO PVT LTD,nikhilchandak210@gmail.com,8387079292,ZEALTOP GRANITO PVT LTD
ZED VETRIFIED PVT. LTD.,nikhilchandak210@gmail.com,8387079292,ZED VETRIFIED PVT. LTD.
